Time,Protocol,Average Delay (s),Loss Rate (%),Average Load
0.0,V2V,0.10491418205494525,9.9329702555509,1.0
0.0,V2I,0.5231788079470199,2.5806451612903225,1.0
