Time,Protocol,Average Delay (s),Loss Rate (%),Average Load,Average Distance,Reachability Rate (%),MAB Selection Rate (%)
23.0,V2I,0.5,0.0,1.0,22.148417550696482,100.0,2.631578947368421
28.0,V2I,0.5,0.0,1.0,46.54342058766201,100.0,4.166666666666666
32.0,V2I,0.5,0.0,1.0,99.84212337485617,100.0,5.357142857142857
34.0,V2I,0.75,0.0,1.0,80.1186800939706,100.0,6.666666666666667
37.0,V2I,0.75,0.0,1.0,96.82405744441823,100.0,7.575757575757576
63.0,V2I,0.5,0.0,1.0,99.24207575418805,100.0,5.084745762711865
67.0,V2I,0.5,0.0,1.0,18.62683279572778,100.0,5.555555555555555
98.0,V2I,0.5,0.0,1.0,90.10205103103924,100.0,4.25531914893617
